{
  "parent": "block/block",
  "ambientocclusion": false,
  "textures": {
    "particle": "block/cactus_side",
    "bottom": "block/cactus_bottom",
    "top": "block/cactus_top",
    "side": "block/cactus_side"
  },
  "elements": [
    {
      "from": [5, 0, 0],
      "to": [11, 16, 16],
      "faces": {
        "east": { "uv": [0, 0, 16, 16], "texture": "#side" },
        "west": { "uv": [0, 0, 16, 16], "texture": "#side" },
        "up": { "uv": [5, 0, 11, 16], "texture": "#top", "cullface": "up" },
        "down": {
          "uv": [5, 0, 11, 16],
          "texture": "#bottom",
          "cullface": "down"
        }
      }
    },
    {
      "from": [11, 0, 5],
      "to": [16, 16, 11],
      "faces": {
        "north": { "uv": [0, 0, 5, 16], "texture": "#side" },
        "south": { "uv": [11, 0, 16, 16], "texture": "#side" },
        "up": { "uv": [11, 5, 16, 11], "texture": "#top", "cullface": "up" },
        "down": {
          "uv": [11, 5, 16, 11],
          "texture": "#bottom",
          "cullface": "down"
        }
      }
    },
    {
      "from": [0, 0, 5],
      "to": [5, 16, 11],
      "faces": {
        "north": { "uv": [11, 0, 16, 16], "texture": "#side" },
        "south": { "uv": [0, 0, 5, 16], "texture": "#side" },
        "up": { "uv": [0, 5, 5, 11], "texture": "#top", "cullface": "up" },
        "down": {
          "uv": [0, 5, 5, 11],
          "texture": "#bottom",
          "cullface": "down"
        }
      }
    },
    {
      "from": [1, 0, 5],
      "to": [15, 16, 11],
      "faces": {
        "east": { "uv": [5, 0, 11, 16], "texture": "#side" },
        "west": { "uv": [5, 0, 11, 16], "texture": "#side" }
      }
    },
    {
      "from": [5, 0, 1],
      "to": [11, 16, 15],
      "faces": {
        "north": { "uv": [5, 0, 11, 16], "texture": "#side" },
        "south": { "uv": [5, 0, 11, 16], "texture": "#side" }
      }
    }
  ]
}
